run_date,run_id,shard,searches,succeeded,failed,bot_blocked,rows,max_pages,seconds,error_types,partial
2026-09-19,35484516831-shard0,0/3,1,1,0,0,115,5,25,,
2026-09-19,35484516831-shard1,1/3,1,1,0,0,819,5,41,,
2026-09-19,35484516831-shard2,2/3,1,1,0,0,135,5,17,,
2026-09-20,35509908731-shard0,0/3,84,84,0,0,97194,5,5288,,
2026-09-20,35509908731-shard1,1/3,84,84,0,0,90155,5,5089,,
2026-09-20,35509908731-shard2,2/3,84,84,0,0,103713,5,5081,,
2026-09-21,35608272467-shard0,0/3,92,91,1,0,111950,5,6162,SearchTimeoutError,
2026-09-21,35608272467-shard1,1/3,92,92,0,0,109736,5,6056,,
2026-09-21,35608272467-shard2,2/3,92,92,0,0,119162,5,5986,,
2026-09-22,35727632828-shard0,0/3,92,92,0,0,103665,5,6582,,
2026-09-22,35727632828-shard1,1/3,92,92,0,0,95325,5,7524,,
2026-09-22,35727632828-shard2,2/3,92,92,0,0,103795,5,7094,,
2026-09-23,35862068589-shard0,0/3,104,104,0,0,110929,5,6264,,
2026-09-23,35862068589-shard1,1/3,104,104,0,0,106209,5,6117,,
2026-09-23,35862068589-shard2,2/3,104,103,1,0,114704,5,6679,SearchTimeoutError,
2026-09-24,36000470651-shard0,0/3,100,100,0,0,105368,5,6249,,
2026-09-24,36000470651-shard1,1/3,100,99,1,0,99803,5,6058,SearchTimeoutError,
2026-09-24,36000470651-shard2,2/3,100,99,1,0,112543,5,6306,SearchTimeoutError,
2026-09-24,36071724037-shard0,0/3,1,1,0,0,100,1,18,,
2026-09-24,36071724037-shard1,1/3,1,1,0,0,200,1,33,,
2026-09-24,36071724037-shard2,2/3,1,1,0,0,119,1,30,,
2026-09-25,36124213387-shard0,0/3,120,118,2,0,155805,5,8435,SearchTimeoutError,
2026-09-25,36124213387-shard1,1/3,120,118,2,0,56430,5,6160,SearchTimeoutError,
2026-09-25,36124213387-shard2,2/3,120,118,2,0,147098,5,8692,SearchTimeoutError,
2026-09-26,36234891524-shard0,0/3,136,129,7,0,175217,5,10320,SearchTimeoutError,
2026-09-26,36234891524-shard1,1/3,136,136,0,0,65555,5,6510,,
2026-09-26,36234891524-shard2,2/3,136,120,16,0,149449,5,11407,SearchTimeoutError,
2026-09-27,36313343129-shard0,0/3,136,130,6,0,175188,5,10579,SearchTimeoutError,
2026-09-27,36313343129-shard1,1/3,136,136,0,0,65476,5,6350,,
2026-09-27,36313343129-shard2,2/3,136,120,16,0,143612,5,11610,SearchTimeoutError,
2026-09-28,36418640240-shard0,0/3,136,121,15,0,171468,5,11703,SearchTimeoutError,
2026-09-28,36418640240-shard1,1/3,136,136,0,0,74841,5,6788,,
2026-09-28,36418640240-shard2,2/3,136,120,16,0,149048,5,11815,SearchTimeoutError,
2026-09-29,36562227656-shard0,0/3,138,125,13,0,177076,5,11563,SearchTimeoutError,
2026-09-29,36562227656-shard1,1/3,138,138,0,0,66206,5,6667,,
2026-09-29,36562227656-shard2,2/3,138,138,0,0,176337,5,9438,,
2026-09-29,36662108557-shard0,0/6,1,1,0,0,621,5,48,,
2026-09-29,36662108557-shard1,1/6,1,1,0,0,693,5,52,,
2026-09-29,36662108557-shard2,2/6,1,1,0,0,700,5,59,,
2026-09-29,36662108557-shard3,3/6,1,1,0,0,120,5,32,,
2026-09-29,36662108557-shard4,4/6,1,1,0,0,144,5,28,,
2026-09-29,36662108557-shard5,5/6,1,1,0,0,144,5,32,,
2026-09-30,36707819837-shard0,0/6,69,22,47,0,1673,5,13704,PaginationError,
2026-09-30,36707819837-shard1,1/6,69,69,0,0,69770,5,4298,,
2026-09-30,36707819837-shard2,2/6,69,69,0,0,71275,5,4217,,
2026-09-30,36707819837-shard3,3/6,69,69,0,0,67402,5,4050,,
2026-09-30,36707819837-shard4,4/6,69,69,0,0,66552,5,4244,,
2026-09-30,36707819837-shard5,5/6,69,69,0,0,70274,5,4121,,
2026-10-01,36857439992-shard0,0/7,65,65,0,0,67880,5,3975,,0
2026-10-01,36857439992-shard1,1/7,65,64,1,0,62761,5,4085,SearchTimeoutError,0
2026-10-01,36857439992-shard2,2/7,64,64,0,0,65736,5,3716,,0
2026-10-01,36857439992-shard3,3/7,64,64,0,0,66606,5,3991,,0
2026-10-01,36857439992-shard4,4/7,64,63,1,0,63755,5,4001,SearchTimeoutError,0
2026-10-01,36857439992-shard5,5/7,64,63,1,0,62129,5,4126,SearchTimeoutError,0
2026-10-01,36857439992-shard6,6/7,64,64,0,0,65624,5,3781,,0
